Year,Month,Reported on,SVE,CVE,Title,Affected versions,Severity,Description,Acknowledgement
2020,1,2019-07-15,SVE-2019-15097,,Path traversal vulnerability in Gear Fit Manager,,Low,,Julien Thomas
2020,2,2019-09-01,SVE-2019-15426,,Local SQL Injection vulnerability in content provider for Upday,,Moderate,,"Hutton, Calum"
2020,2,2019-10-21,SVE-2019-15974,,Vulnerability allowing exposure of Secure Folder notification in Link to Windows,,Moderate,,Lennart Pas
2020,2,2020-01-06,SVE-2020-16606,,Sensitive information disclosure vulnerability in Widget Edge,,Moderate,,Andr. Ess
2020,3,2019-11-19,SVE-2019-16169,,Vulnerability allowing firmware signature check bypass in NFC bootloader,,Moderate,,Christopher Wade
2020,3,2019-11-28,SVE-2019-16317,,Vulnerability allowing carrier restriction bypass using Bixby Routines to enable mobile hotspot,,Moderate,,Bogdan
2020,3,2019-12-01,SVE-2019-16335,,URL spoofing and device information disclosure in Samsung Notes,,Low,,Numan OZDEMIR
2020,3,2020-01-15,SVE-2020-16695,,Arbitrary app installation vulnerability in Samsung Car mode,,High,,Shaechi Security Lab
2020,4,2019-11-28,SVE-2019-16301,,Vulnerability allowing remote install of applications registered in Galaxy Store,,Critical,,Juno Im (@junorouse) from Theori
2020,4,2020-01-28,SVE-2020-16740,,Directory traversal vulnerability in Car Mode,,Moderate,,Shaechi Security Lab
2020,4,2020-01-30,SVE-2020-16749,,Directory traversal vulnerability in Car Mode,,Moderate,,Shaechi Security Lab
2020,4,2020-02-10,SVE-2020-16831,,Vulnerability in Samsung Internet 10.2.01.10 allowing spoofing of web browser address bar,,Low,,YoKo Kho
2020,5,2020-03-05,SVE-2020-16978,,Vulnerability allowing arbitrary access to lockscreen through keyboard tool bar,,High,,Á¶½ÂÇö
2020,5,2020-03-15,SVE-2020-17055,,Vulnerability in Samsung Internet 11.1.1.52 allowing injection of Javascript code to arbitrary web pages,,Moderate,,Juho Nurminen of Mattermost
2020,5,2020-02-23,SVE-2020-16909,,Unquoted search path to local privilege escalation vulnerability in sServiceLoopBackSvc,,Low,,ÃÖ±¤ÁØ
2020,5,2020-02-23,SVE-2020-16910,,Unquoted search path to local privilege escalation vulnerability in Samsung Pen Service,,Low,,ÃÖ±¤ÁØ
2020,5,2020-05-08,SVE-2020-17504,,Improper access control of MCSBridge vulnerability in Samsung Galaxy Store Application,,Moderate,,Anonymous
2020,6,2019-12-31,SVE-2019-16575,,Bluetooth MAC address disclosure vulnerability in logging,,Low,,Andr. Ess
2020,6,2020-01-20,SVE-2020-16707,,Vulnerability allowing waiting time reset via device reboot in wearable device,,Low,,Andr. Ess
2020,6,2020-01-26,SVE-2020-16725,,Sensitive information disclosure vulnerability in Samsung Pay,,Moderate,,Tony
2020,6,2020-03-07,SVE-2020-16988,,Remote code execution vulnerability in Webview JSBridge of Theme Store,,Moderate,,CytQ
2020,6,2020-03-14,SVE-2020-17050,,Unquoted search path to local privilege escalation vulnerability in Consulting Mode service,,Low,,ÃÖ±¤ÁØ
2020,6,2020-04-06,SVE-2020-17269,,Remote hijacking vulnerability of earbuds in certain conditions,,High,,Zuman OZDEMIR
2020,6,2020-05-05,SVE-2020-17479,,DLL Hijacking vulnerability in Samsung Consulting Mode,,High,,ÃÖ±¤ÁØ
2020,6,2020-05-05,SVE-2020-17478,,DLL Hijacking vulnerability in Samsung Consulting Mode,,High,,ÃÖ±¤ÁØ
2020,6,2020-03-14,SVE-2020-17046,,ACL overwrite vulnerability in PC Cleaner,,High,,ÃÖ±¤ÁØ
2020,6,2020-03-14,SVE-2020-17045,,ACL overwrite vulnerability in PC Cleaner,,High,,ÃÖ±¤ÁØ
2020,6,2020-03-14,SVE-2020-17044,,ACL overwrite vulnerability in Samsung Settings OSD,,High,,ÃÖ±¤ÁØ
2020,6,2020-03-14,SVE-2020-17043,,ACL overwrite vulnerability in Samsung Settings Expansion pack,,High,,ÃÖ±¤ÁØ
2020,6,2020-04-19,SVE-2020-17363,,Information disclosure vulnerability in Reminder edge,,Moderate,,Bogdan
2020,7,2019-08-20,SVE-2019-15303,,Incorrect permission assignment vulnerability of sensitive resource in CP,,Moderate,,Anonymous
2020,7,2019-12-04,SVE-2019-16400,,Vulnerability allowing Secure Folder notification leak through Galaxy Wearable,,Moderate,,Bogdan
2020,7,2020-01-06,SVE-2020-16605,,Script injection vulnerability in Samsung Email,,High,,grigoritchy
2020,7,2020-02-27,SVE-2020-16940,,Improper access control vulnerability in Samsung Notes,,Moderate,,Sergey Toshin
2020,7,2020-02-27,SVE-2020-16942,,Path traversal vulnerability in Samsung Notes,,Low,,Sergey Toshin
2020,7,2020-04-08,SVE-2020-17286,,Vulnerability allowing information disclosure with Live message in Lock screen,,Moderate,,Bogdan
2020,7,2020-05-15,SVE-2020-17629,,Missing input validation check vulnerability in Samsung Health allowing arbitrary load in webview and run Javascript code.,,Moderate,,Gregory DRAPERI
2020,8,2020-05-20,SVE-2020-17676,,Samsung Internet,12.1.1.13,Moderate,A possible information leak vulnerability exists in Samsung Internet versions prior to 12.1.1.13.,Pedro Oliveira
2020,9,2020-07-25,SVE-2020-18469,,Samsung Members,"2.4.80.08 in Android O(8.1) and below, and 3.7.00.08 in Android P(9.0) and above",Moderate,"A vulnerability using PendingIntent with implicit intent in ScreenRecordingService in Samsung Members version prior to 2.4.80.08 or 3.7.00.08, allows execution of privileged action by hijacking and modifying the intent.",hard_______
2020,9,2020-07-25,SVE-2020-18468,,Samsung Members,"2.4.80.08 in Android O(8.1) and below, and 3.7.00.08 in Android P(9.0) and above",Moderate,"A vulnerability using PendingIntent with implicit intent in ScreenRecordingService in Samsung Members versions prior to 2.4.80.08 or 3.7.00.08, allows execution of privileged action by hijacking and modifying the intent.",hard_______
2020,9,2020-07-13,SVE-2020-18354,,Samsung Members,"2.4.80 in Android O(8.1) and below, and 3.8.00 in Android P(9.0) and above",High,RewardsBridge in java interface of Samsung Members versions prior to 2.4.80 or 3.8.00 allows unauthorized access to sensitive personal information in Samsung Rewards via unprotected deeplink.,hard_______
2020,9,2020-06-12,SVE-2020-18025,,Samsung Internet,12.1.1.36,High,Unnecessary permission granted in Samsung Internet versions prior to 12.1.1.36 allows unauthorized access to user data in Secure folder.,Rahul D Kankrale
2020,9,2020-06-05,SVE-2020-17925,,Gallery,"11.5.00.33 and 11.5.02.4 in Android Q(10.0), and 10.2.01.5 in Android P(9.0)",Moderate,"A vulnerability in Gallery version prior to 11.5.00.33, 11.5.02.4 or 10.2.01.5 allows unauthorized access to all photo on the lock screen via people tag.",Dawid Moczad©©o
2020,9,2020-05-15,SVE-2020-17609,,Samsung Browser,12.1.1.36,Low,Universal Cross Site Scripting vulnerability in Samsung Internet versions prior to 12.1.1.36 allows  phishing attack via QR code scanner function.,Nikhil Mittal
2020,9,2020-02-27,SVE-2020-16941,,Samsung Health,6.11.0.061,Moderate,"Image files in Samsung Health versions prior to 6.11.0.061 are stored in external storage, allowing unauthorized access to sensitive information in the image files.",Sergey Toshin
2020,10,2020-07-19,SVE-2020-18428,,Samsung Pay,4.0.20,Low,"SamsungPay before 4.0.20 does not properly block unautorized access for locked devices, which allows access to the last payment detail.",Vo Viet Trung
2020,10,2020-07-07,SVE-2020-18271,,Galaxy Store,4.5.19.12,Critical,Improper access control vulnerability in Galaxy Store allows attackers to install any application registered in Galaxy Store remotely.,hard_______
2020,10,2020-07-06,SVE-2020-18254,,Galaxy Store,4.5.20.7,High,A vulnerability using PendingIntent with empty intent in Galaxy Store application allows attackers to execute privileged action by hijacking and modifying the intent.,hard_______
2020,10,2020-06-25,SVE-2020-18158,,ThemeStore,5.1.21,Moderate,"ThemeStore before 5.1.21 does not properly verify deeplink url, which allows remote attackers to get Samsung Account data.",hard_______
2020,11,2020-09-15,SVE-2020-18935,,Find My Mobile,v7.2.08.8,Moderate,"Find My Mobile versions v7.2.05.44 and earlier expose sensitive information in logging, which can be easy to figure out.",haiping
2020,11,2020-08-23,SVE-2020-18693,,Samsung Notes,4.1.0,Moderate,"Lock feature in Samsung Notes versions prior to 4.1.0 does not properly control access, allowing unauthorized access to protected Notes via Share.",Harsh Tyagi
2020,11,2020-07-13,SVE-2020-18356,,Galaxy Store,v4.5.20.7,Moderate,Using empty PendingIntent in Galaxy Store versions v4.5.18.5 and earlier allows unauthorized read/write private file directories of Galaxy Store application via hijacking the PendingIntent.,hard_______
2020,12,2020-09-01,SVE-2020-18770,,Samsung Email,6.1.30.27,Moderate,Cross-site scripting (XSS) vulnerability in Samsung Email versions v6.1.22.3 and earlier allows injection of arbitrary script when a user performs copy & paste action.,Gregory DRAPERI
2020,12,2020-07-26,SVE-2020-18471,,My Files, 11.5.02.391 in Android Q(10.0) and 10.1.11.391 in Android P(9.0),Low,A vulnerability using implicit Pending Intent in My Files versions v11.1.00.121 and earlier allows attackers to read/write arbitrary files in sdcard via hijacking the Pending Intent.,hard_______
2020,12,2020-02-25,SVE-2020-16923,,Bixby Vision,3.7.10,Moderate,A vulnerability in Bixby Vision versions prior to 3.7.10 allows information leak.,Gregory DRAPERI
2021,1,2020-11-03,SVE-2021-19532,,S Assistant,6.5.01.22,Low,Calling of non-existent provider in S Assistant prior to version 6.5.01.22 allows unauthorized actions including denial of service attack by hijacking the provider.,Zhongquan Li @ Xiaomi AIoT Security Lab
2021,1,2020-10-30,SVE-2021-19474,,Samsung Internet,13.0.1.60,Low,Improper permission grant check in Samsung Internet prior to version 13.0.1.60 allows access to files in internal storage without authorized STORAGE permission.,Abdulla Aldoseri
2021,1,2020-09-07,SVE-2021-18825,,Samsung Pay Mini,4.0.14,Moderate,Two moderate vulnerabilities and one low vulnerability with improper access control in Samsung Pay mini application prior to v4.0.14 allows unauthorized access to sensitive information over the lockscreen in specific condition.,Yogesh Anil Tantak
2021,1,2020-08-11,SVE-2021-18629,,"SMP SDK, Samsung Members","SMP SDK[3.0.9], Samsung Members[2.4.81.13 in Android O(8.1) and below, and 3.8.00.13 in Android P(9.0) and above]",Low,Calling of non-existent provider in Samsung Members prior to version 2.4.81.13 (in Android O(8.1) and below) and 3.8.00.13 (in Android P(9.0) and above) allows unauthorized actions including denial of service attack by hijacking the provider.,mykola
2021,2,2020-11-04,SVE-2021-19543,,Bixby Voice,3.0.52.14,Moderate,A vulnerability using PendingIntent with implicit intent in Bixby Voice prior to version 3.0.52.14 allows attackers to execute privileged action by hijacking and modifying the intent.,hard_______
2021,2,2020-11-03,SVE-2021-19505,,Samsung Internet,13.2.1.46,Moderate,Improper input check in Samsung Internet prior to version 13.2.1.46 allows attackers to launch non-exported activity in Samsung Browser via malicious deeplink.,Ken Gannon
2021,2,2020-06-25,SVE-2021-18156,,Galaxy Themes,5.2.00.1215,Moderate,Using empty PendingIntent in Galaxy Themes prior to version 5.2.00.1215 allows local attackers to read/write private file directories of Galaxy Themes application without permission via hijacking the PendingIntent.,hard_______
2021,2,2020-11-10,SVE-2021-19622,,Slow Motion Editor,3.5.18.5 in Android Q(10.0),Moderate,Using unsafe PendingIntent in Slow Motion Editor prior to version 3.5.18.5 allows local attackers unauthorized action without permission via hijacking the PendingIntent.,hard_______
2021,2,2020-09-16,SVE-2021-18944,,Samsung Account,12.1.1.3 in Android Q(10.0),Moderate,Information Exposure vulnerability in Samsung Account prior to version 12.1.1.3 allows physically proximate attackers to access user information via log.,haiping
2021,2,2020-09-10,SVE-2021-18858,,Samsung Account,"10.7.07 in Android P(9.0) and below, and 12.1.1.3 in Android Q(10.0)",Moderate,Improper Access Control in EmailValidationView in Samsung Account prior to version 10.7.0.7 and 12.1.1.3 allows physically proximate attackers to log out user account on device without user password.,Alexey Dorogin
2021,2,2020-11-03,SVE-2021-19533,,Samsung Notes,4.2.00.22,Moderate,Using unsafe PendingIntent in Samsung Notes prior to version 4.2.00.22 allows local attackers unauthorized action without permission via hijacking the PendingIntent.,hard_______
2021,2,2020-08-27,SVE-2021-18723,,Samsung Internet,13.2.1.70,Low,Improper access control in Samsung Internet prior to version 13.2.1.70 allows physically proximate attackers to bypass the secret mode's authentication.,Harsh Tyagi
2021,2,2020-11-03,SVE-2021-19506,,Samsung Notes,4.2.00.22,Low,Path Traversal vulnerability in Samsung Notes prior to version 4.2.00.22 allows attackers to access local files without permission.,Ken Gannon
2021,2,2020-11-03,SVE-2021-19530,,Samsung Cloud,4.7.0.3,Low,Hijacking vulnerability in Samsung Cloud prior to version 4.7.0.3 allows attackers to intercept when the provider is executed.,Zhongquan Li
2021,3,2020-11-14,SVE-2021-19656,,Customization Service,"2.2.02.1 in Android O(8.x), 2.4.03.0 in Android P(9.0), 2.7.02.1 in Android Q(10.0) and 2.9.01.1 in Android R(11.0)",Low,"Using unsafe PendingIntent in Customization Service prior to version 2.2.02.1 in Android O(8.x), 2.4.03.0 in Android P(9.0), 2.7.02.1 in Android Q(10.0) and 2.9.01.1 in Android R(11.0) allows local attackers to perform unauthorized action without permission via hijacking the PendingIntent.",hard_______
2021,4,2020-10-04,SVE-2021-19144,CVE-2021-25374,Samsung Members,"2.4.83.9 in Android O(8.1) and below, and 3.9.00.9 in Android P(9.0) and above",Moderate,"An improper authorization vulnerability in Samsung Members ¡°samsungrewards¡± scheme for deeplink in versions 2.4.83.9 in Android O(8.1) and below, and 3.9.00.9 in Android P(9.0) and above allows remote attackers to access a user data related with Samsung Account.",Ken Gannon
2021,4,2020-03-18,SVE-2021-17083,CVE-2021-25375,Samsung Email,6.1.41.0,High,Using predictable index for attachments in Samsung Email prior to version 6.1.41.0 allows remote attackers to get attachments of another emails when users open the malicious attachment.,Juno Im
2021,4,2020-06-17,SVE-2021-18085,CVE-2021-25376,Samsung Email,6.1.41.0,Moderate,An improper synchronization logic in Samsung Email prior to version 6.1.41.0 can leak messages in certain mailbox in plain text when STARTTLS negotiation is failed.,"Damian Poddebniak, Fabian Ising"
2021,4,2021-02-09,SVE-2021-20637,CVE-2021-25377,Samsung Experience Service,"10.8.0.4 in Android P(9.0) below, and 12.2.0.5 in Android Q(10.0) above",Moderate,An improper synchronization logic in Samsung Email prior to version 6.1.41.0 can leak messages in certain mailbox in plain text when STARTTLS negotiation is failed.,Sergey Toshin of Oversecured Inc
2021,4,2021-01-19,SVE-2021-20386,CVE-2021-25378,SmartThings,1.7.63.6,Low,Improper access control of certain port in SmartThings prior to version 1.7.63.6 allows remote temporary denial of service.,Zhongquan Li ( CytQ) of Xiaomi AIoT Security Lab
2021,4,2021-02-05,SVE-2021-20601,CVE-2021-25379,Gallery,5.4.16.1,Moderate,Intent redirection vulnerability in Gallery prior to version 5.4.16.1 allows attacker to execute privileged action.,Sergey Toshin of Oversecured Inc
2021,4,2020-12-05,SVE-2021-19830,CVE-2021-25380,Bixby,3.0.53.02,Moderate,Improper handling of exceptional conditions in Bixby prior to version 3.0.53.02 allows attacker to execute the actions registered by the user.,Gregory DRAPERI
2021,4,2020-11-02,SVE-2021-19503,CVE-2021-25381,Samsung Account,"10.8.0.4 in Android P(9.0) and below, and 12.1.1.3 in Android Q(10.0) and above",Moderate,"Using unsafe PendingIntent in Samsung Account in versions 10.8.0.4 in Android P(9.0) and below, and 12.1.1.3 in Android Q(10.0) and above allows local attackers to perform unauthorized action without permission via hijacking the PendingIntent.",hard_______
2021,5,2021-02-24,SVE-2021-20805,CVE-2021-25405,An improper access control vulnerability in Samsung Notes,4.2.04.27,Moderate,An improper access control vulnerability in ScreenOffActivity in Samsung Notes prior to version 4.2.04.27 allows untrusted applications to access local files.,hard_______
2021,5,2021-02-22,SVE-2021-20777,CVE-2021-25398,Intent redirection in Bixby Voice,3.1.12,Moderate,Intent redirection vulnerability in Bixby Voice prior to version 3.1.12 allows attacker to access contacts.,hard_______
2021,5,2021-01-28,SVE-2021-20482,CVE-2021-25399,Improper fileprovider settings in Smart Manager,11.0.05.0,High,Improper fileprovider setting in Smart Manager prior to version 11.0.05.0 allows attacker to access the file with system privilege.,Xu Liangjun
2021,5,2021-02-09,SVE-2021-20631,CVE-2021-25400,Intent redirection in Samsung Internet,14.0.1.20,Moderate,Intent redirection vulnerability in Samsung Internet prior to version 14.0.1.20 allows attacker to execute privileged action.,Sergey Toshin of Oversecured Inc
2021,5,2021-02-06,SVE-2021-20612,CVE-2021-25401, Intent redirection in Samsung Health,6.16,Moderate,Intent redirection vulnerability in Samsung Health prior to version 6.16 allows attacker to execute privileged action.,Sergey Toshin of Oversecured Inc
2021,5,2021-01-05,SVE-2021-20188,CVE-2021-25402,Information exposure vulnerability in Samsung Notes,4.2.04.27,Low,Information Exposure vulnerability in Samsung Notes prior to version 4.2.04.27 allows attacker to access s pen latency information.," jinyoung ban, taehwan yoo"
2021,5,2021-02-24,SVE-2021-20810,CVE-2021-25403,Intent redirection vulnerability in Samsung Account,"10.8.0.4 in Android P(9.0) below, and 12.2.0.9 in Android Q(10.0) above",Moderate,"Intent redirection vulnerability in Samsung Account prior to version 10.8.0.4 in Android P(9.0) and below, and 12.2.0.9 in Android Q(10.0) and above allows attacker to access contacts and file provider using SettingWebView component.",hard_______
2021,5,2021-02-02,SVE-2021-20542,CVE-2021-25404, Information Exposure vulnerability in SmartThings,1.7.64.21,Moderate,Information Exposure vulnerability in SmartThings prior to version 1.7.64.21 allows attacker to access user information via log.,Sergey Toshin of Oversecured Inc
2021,5,2020-11-30,SVE-2021-19789,CVE-2021-25406,Unauthorized access to device's serial number ,2.2.05.21033151,Low,Information Exposure vulnerability in Gear S Plugin prior to version 2.2.05.20122441 allows attacker to access connected BT device information.,Andr. Ess
2021,6,2021-03-04,SVE-2021-20922,CVE-2021-25418,Improper component protection vulnerability in Samsung Internet,14.0.1.62,Moderate,Improper component protection vulnerability in Samsung Internet prior to version 14.0.1.62 allows untrusted applications to execute arbitrary activity in specific condition.,"Dawn Security Lab, JD.com"
2021,6,2021-03-20,SVE-2021-21127,CVE-2021-25419,Non-compliance of recommended secure coding scheme in Samsung Internet,14.0.1.62,Low,Non-compliance of recommended secure coding scheme in Samsung Internet prior to version 14.0.1.62 allows attackers to display fake URL in address bar via phising URL link.,Abdulla Aldoseri
2021,6,2021-02-18,SVE-2021-20736,"CVE-2021-25420, CVE-2021-25421, CVE-2021-25422, CVE-2021-25423",Wi-Fi password exposure,"Galaxy Watch PlugIn 2.2.05.21033151, Galaxy Watch3 PlugIn 2.2.09.21033151,Watch Active PlugIn 2.2.07.21033151, Watch Active2 PlugIn 2.2.08.21033151",Moderate,Improper log management vulnerability in Wearable Device Plugins allows attacker with log permissions to leak Wi-Fi password connected to the user smartphone within log.,Andr. Ess
2021,6,2021-03-26,SVE-2021-19928,CVE-2021-25424,Improper Bluetooth pairing mode in Tizen device,Firmware update JUN-2021 Release,High,Improper authentication vulnerability in Tizen bluetooth-frwk prior to Firmware update JUN-2021 Release allows bluetooth attacker to take over the user's bluetooth device without user awareness.,BoB WatchOver
2021,6,2020-12-14,SVE-2021-21224,CVE-2021-25425,Read internal cache data in Samsung Health,6.17,Moderate,Improper check vulnerability in Samsung Health prior to version 6.17 allows attacker to read internal cache data via exported component.,Dzmitry Lukyanenka
2021,7,2020-11-19,SVE-2021-19694,CVE-2021-25431,An improper access control vulnerability in Some function of Cameralyzer,"3.2.1041 in 3.2.x, 3.3.1040 in 3.3.x, and 3.4.4210 in 3.4.x",Moderate,"Improper access control vulnerability in Cameralyzer prior to versions 3.3.1042 in Android P(9.0), and 3.2.1041 in 3.2.x, 3.3.1040 in 3.3.x, 3.4.4210 in 3.4.x in Android Q(10.0) and above allows untrusted applications to access some functions of Cameralyzer.",Yaoguang Chen of of Ant Security Light-Year Lab
2021,7,2021-02-09,SVE-2021-20635,CVE-2021-25432,Information exposure vulnerability in Samsung Members,"2.4.85.11 in Android O(8.1) and below, and 3.9.10.11 in Android P(9.0) and above",Moderate,"Information exposure vulnerability in Samsung Members prior to versions 2.4.85.11 in Android O(8.1) and below, and 3.9.10.11 in Android P(9.0) and above allows untrusted applications to access chat data.",Antonio Arlia Ciombo
2021,7,2021-02-05,SVE-2021-19702,CVE-2021-25433,Improper authorization vulnerability in Tizen factory reset policy,Firmware update JUL-2021 Release,Low,Improper authorization vulnerability in Tizen factory reset policy prior to Firmware update JUL-2021 Release allows untrusted applications to perform factory reset using dbus signal.,BoB WatchOver
2021,7,2021-02-16,SVE-2021-19703,CVE-2021-25434,Improper input validation vulnerability in Tizen bootloader,Firmware update JUL-2021 Release,High,Improper input validation vulnerability in Tizen bootloader prior to Firmware update JUL-2021 Release allows arbitrary code execution using param partition in wireless firmware download mode.,BoB WatchOver
2021,7,2021-02-22,SVE-2021-19705,CVE-2021-25435,Improper input validation vulnerability in Tizen bootloader,Firmware update JUL-2021 Release,High,Improper input validation vulnerability in Tizen bootloader prior to Firmware update JUL-2021 Release allows arbitrary code execution using recovery partition in wireless firmware download mode.,BoB WatchOver
2021,7,2020-11-10,SVE-2021-19310,CVE-2021-25436,Improper file validation vulnerability in Tizen FOTA service,Firmware update JUL-2021 Release,High,Improper input validation vulnerability in Tizen FOTA service prior to Firmware update JUL-2021 Release allows arbitrary code execution via Samsung Accessory Protocol.,"WatchOver (Soomin Shin, Minwoo Kim, Seungmin Lee, Jungyoon Lee, Yeonghyeon Cha, Donghun Seo)"
2021,7,2020-11-20,SVE-2021-19311,CVE-2021-25437,Improper access control vulnerability in Tizen FOTA service,Firmware update JUL-2022 Release,High,Improper access control vulnerability in Tizen FOTA service prior to Firmware update JUL-2021 Release allows attacker to arbitrary code execution by replacing FOTA update file.,"WatchOver (Soomin Shin, Minwoo Kim, Seungmin Lee, Jungyoon Lee, Yeonghyeon Cha, Donghun Seo)"
2021,7,2020-11-20,SVE-2021-20602,"CVE-2021-25438, CVE-2021-25439",Improper access control vulnerability in Samsung Members,"2.4.85.11 in Android O(8.1) and below, and 3.9.10.11 in Android P(9.0) and above ",Moderate,"Improper access control vulnerability in Samsung Members prior to versions 3.9.10.11 in Android P(9.0) and above, and 2.4.85.11 in Android O(8.1) and below allows untrusted applications to cause local file inclusion in webview.",Antonio Arlia Ciombo
2021,7,2020-11-21,SVE-2021-20722,CVE-2021-25440,An improper access control vulnerability in Some function of FactoryCameraFB,3.4.74,High,Improper access control vulnerability in FactoryCameraFB prior to version 3.4.74 allows untrusted applications to access arbitrary files with an escalated privilege.,Sergey Toshin of Oversecured Inc
2021,7,2020-10-17,SVE-2021-20801,CVE-2021-25441,Improper input validation vulnerability in AR Emoji Editor,4.4.03.5 in Android Q(10.0) and above,Moderate,Improper input validation vulnerability in AR Emoji Editor prior to version 4.4.03.5 in Android Q(10.0) and above allows untrusted applications to access arbitrary files with an escalated privilege.,hard_______
2021,7,2020-10-17,SVE-2021-19615,CVE-2021-25442,Improper MDM policy management vulnerability in KME module,KCS 1.39,High,Improper MDM policy management vulnerability in KME module prior to KCS version 1.39 allows MDM users to bypass Knox Manage authentication.,Aakash Kumar
2021,8,2021-04-12,SVE-2021-21443,CVE-2021-25445,Unprotected component vulnerability in Samsung Internet,14.2,High,Unprotected component vulnerability in Samsung Internet prior to version 14.2 allows untrusted application to access internal files in Samsung Internet.,Sayed Abdelhafiz
2021,8,2021-01-31,SVE-2021-20512,"CVE-2021-25446, CVE-2021-25447",Improper access control vulnerability in Smart Things,1.7.67.25,Moderate,Improper access control vulnerability in SmartThings prior to version 1.7.67.25 allows untrusted application to cause local file inclusion and arbitrary webpage loading in webview.,Antonio Arlia Ciombo
2021,8,2021-05-05,SVE-2021-21699,CVE-2021-25448,Improper access control vulnerability in Smart Touch Call,1.0.0.5,Low,Improper access control vulnerability in Smart Touch Call prior to version 1.0.0.5 allows arbitrary webpage loading in webview.,Gregory DRAPERI
2021,9,2021-07-12,SVE-2021-22622,CVE-2021-25463,Improper access control vulnerability in PENUP,3.8.00.18,Low,Improper access control vulnerability in PENUP prior to version 3.8.00.18 allows arbitrary webpage loading in webview.,Gregory DRAPERI
2021,9,2021-05-29,SVE-2021-21999,CVE-2021-25464,Improper data management vulnerability in SamsungCapture,4.8.02,Moderate,Improper file management vulnerability in SamsungCapture prior to version 4.8.02 allows sensitive information leak.,Andr.Ess
2021,9,2021-05-31,SVE-2021-22031,CVE-2021-25465,Improper scheme check in Samsung Themes,5.2.01,Low,Improper scheme check vulnerability in Samsung Themes prior to version 5.2.01 allows attackers to perform Man-in-the-middle attack.,Zhongquan Li
2021,9,2021-05-26,SVE-2021-21977,CVE-2021-25466,Improper scheme check in Samsung Internet,15.0.2.47,Moderate,Improper scheme check vulnerability in Samsung Internet prior to version 15.0.2.47 allows attackers to perform Man-in-the-middle attack and obtain Samsung Account token.,Zhongquan Li @ ADLab
2021,10,2021-04-21,SVE-2021-21543,CVE-2021-25492,Lack of boundary checking of a buffer in libSPenBase library,4.3.02.61,High,Lack of boundary checking of a buffer in libSPenBase library of Samsung Notes prior to Samsung Note version 4.3.02.61 allows OOB read,Dawuge of Pangu Team
2021,10,2021-04-21,SVE-2021-21542,CVE-2021-25493,Lack of boundary checking of a buffer in libSPenBase library,4.3.02.61,Moderate,Lack of boundary checking of a buffer in libSPenBase library of Samsung Notes prior to Samsung Note version 4.3.02.61 allows OOB read,Dawuge of Pangu Team
2021,10,2021-04-21,SVE-2021-21540,CVE-2021-25494,A possible heap buffer overflow vulnerability in libSPenBase library,4.3.02.61,Moderate,A possible buffer overflow vulnerability in libSPenBase library of Samsung Notes prior to Samsung Note version 4.3.02.61 allows arbitrary memory write and code execution.,Dawuge of Pangu Team
2021,10,2021-04-21,SVE-2021-21537,CVE-2021-25495,A possible heap-based buffer overflow vulnerability in libSPenBase library,4.3.02.61,High,A possible heap-based buffer overflow vulnerability in libSPenBase library of Samsung Notes prior to Samsung Note version 4.3.02.61 allows arbitrary memory write and code execution.,Dawuge of Pangu Team
2021,10,2021-04-21,SVE-2021-21548,CVE-2021-25496,A possible buffer overflow vulnerability in libSPenBase library,4.3.02.61,High,A possible buffer overflow vulnerability in maetd_dec_slice of libSPenBase library of Samsung Notes prior to Samsung Notes version 4.3.02.61 allows arbitrary code execution.,Dawuge from Pangu Team and flanker
2021,10,2021-04-21,SVE-2021-21549,CVE-2021-25497,A possible buffer overflow vulnerability in libSPenBase library,4.3.02.61,High,A possible buffer overflow vulnerability in maetd_cpy_slice of libSPenBase library of Samsung Notes prior to Samsung Notes version 4.3.02.61 allows arbitrary code execution.,Dawuge of Pangu Team
2021,10,2021-04-21,SVE-2021-21553,CVE-2021-25498,A possible buffer overflow vulnerability in libSPenBase library,4.3.02.61,High,A possible buffer overflow vulnerability in maetd_eco_cb_mode of libSPenBase library of Samsung Notes prior to Samsung Notes version 4.3.02.61 allows arbitrary code execution.,Dawuge of Pangu Team
2021,10,2021-09-01,SVE-2021-23117,CVE-2021-25499,Intent redirection in Galaxy Store,4.5.32.4,Moderate,Intent redirection vulnerability in SamsungAccountSDKSigninActivity of Galaxy Store prior to version 4.5.32.4 allows attacker to access content provider of Galaxy Store.,Rezkon (Luke Symons)
2021,11,2021-08-04,SVE-2021-22855,CVE-2021-25506,A possible access to non-existent provider in Samsung Health,6.19.1.0001,Low,Non-existent provider in Samsung Health prior to 6.19.1.0001 allows attacker to access it via malicious content provider or lead to denial of service.,Dawuge of Pangu Team
2021,11,2021-08-30,SVE-2021-23094,CVE-2021-25504,Intent redirection vulnerability in Group Sharing,10.8.03.2,Moderate,Intent redirection vulnerability in Group Sharing prior to 10.8.03.2 allows attacker to access contact information.,Luke Symons
2021,11,2021-09-30,SVE-2021-23417,CVE-2021-25505,Improper authentication in Samsung Pass,3.0.02.4,Moderate,Improper authentication in Samsung Pass prior to 3.0.02.4 allows to use app without authentication when lockscreen is unlocked.,Harsh Tyagi
2021,11,2021-09-27,SVE-2021-23373,CVE-2021-25507,Improper authorization in Samsung Flow,4.8.03.5,High,Improper authorization vulnerability in Samsung Flow mobile application prior to 4.8.03.5 allows Samsung Flow PC application connected with user device to access part of notification data in Secure Folder without authorization.,Lilly Chapman
2021,11,2021-08-12,SVE-2021-22939,CVE-2021-25508,Improper Privilege Management in SmartThings,1.7.73.22,Moderate,Improper privilege management vulnerability in API Key used in SmartThings prior to 1.7.73.22 allows an attacker to abuse the API key without limitation.,Lili Wei
2021,11,2021-09-19,SVE-2021-23291,CVE-2021-25509,Improper Input Validation in Samsung Flow,4.8.5.0,Low,A missing input validation in Samsung Flow Windows application prior to Version 4.8.5.0 allows attackers to overwrite arbitrary file in the Windows known folders.,Shai Shapira
2021,12,2021-04-17,SVE-2021-21488,CVE-2021-25520,Cross Site-Script vulnerability in Samsung Internet via SearchKeyword deeplink,16.0.2,High,Insecure caller check and input validation vulnerabilities in SearchKeyword deeplink logic prior to Samsung Internet 16.0.2 allows unstrusted applications to execute script codes in Samsung Internet.,Sayed Abdelhafiz
2021,12,2021-04-21,SVE-2021-21534,CVE-2021-25521,Leaking current tab url vulnerability in Samsung Internet via sharevia deeplink,16.0.2,Moderate,Insecure caller check in sharevia deeplink logic prior to Samsung Internet 16.0.2 allows unstrusted applications to get current tab URL in Samsung Internet.,Sayed Abdelhafiz
2021,12,2021-07-04,SVE-2021-22440,CVE-2021-25522,Insecure storage of sensitive information vulnerability in Smart Capture,4.8.02.10,Low,Insecure storage of sensitive information vulnerability in Smart Capture prior to version 4.8.02.10 allows attacker to access victim's captured images without permission.,Andr. Ess
2021,12,2021-08-09,SVE-2021-22905,CVE-2021-25523,Possible to access Samsung Account ID which logged in to the device,12.7.05.24,Moderate,Insecure storage of device information in Samsung Dialer prior to version 12.7.05.24 allows attacker to get Samsung Account ID.,Jenny.ZJN
2021,12,2021-08-09,SVE-2021-22906,CVE-2021-25524,Possible to access Samsung Account ID which logged in to the device,12.7.05.24,Moderate,Insecure storage of device information in Contacts prior to version 12.7.05.24 allows attacker to get Samsung Account ID.,Jenny.ZJN
2021,12,2021-10-03,SVE-2021-23456,CVE-2021-25525,Improper Check or Handling of Exceptional Conditions vulnerability in Samsung Pay(US),4.0.65,Moderate,Improper check or handling of exception conditions vulnerability in Samsung Pay (US only) prior to version 4.0.65 allows attacker to use NFC without user recognition.,Tony
2021,12,2021-10-05,SVE-2021-23462,CVE-2021-25526,Intent redirection leads to gaining access to arbitrary content providers in Samsung Blockchain Wallet,1.3.02.8,Moderate,Intent redirection vulnerability in Samsung Blockchain Wallet prior to version 1.3.02.8 allows attacker to execute privileged action.,³²ÁöÈ¿
2021,12,2021-11-02,SVE-2021-23758,CVE-2021-25527,Improper export of android application components vulnerability in Samsung Pay,4.1.77,Moderate,Improper export of Android application components vulnerability in Samsung Pay (India only) prior to version 4.1.77 allows attacker to access Bill Pay and Recharge menu without authentication.,Harsh Tyagi+G125JB126:J133
2022,1,2021-11-15,SVE-2021-23944,CVE-2022-22290,Incorrect UI in Downloads in Samsung Browser,16.0.6.23,Moderate,Incorrect UI in Downloads in Samsung Internet prior to 16.0.6.23 allows attackers to perform domain spoofing via a crafted HTML page.,Kirtikumar Anandrao Ramchandani
2022,1,2021-11-09,SVE-2021-23888,CVE-2022-22289,Sensitive information disclosure in S Assistant,7.5,Moderate,Improper access control vulnerability in S Assistant prior to version 7.5 allows attacker to remotely get sensitive information.,hongquan Li & ADLab of VenusTech
2022,1,2021-11-03,SVE-2021-23791,CVE-2022-22288,Remote app installation vulnerability in Galaxy Store,4.5.36.5,Critical,Improper authorization vulnerability in Galaxy Store prior to 4.5.36.5 allows remote app installation of the allowlist.,Ken Gannon
2022,1,2021-10-29,SVE-2021-23749,CVE-2022-22287,Abitrary file access vulnerability in Samsung Email,6.1.60.16,Moderate,Arbitrary file access vulnerability in Samsung Email prior to 6.1.60.16 allows attacker to read isolated data in sandbox.,Dzmitry Lukyanenka
2022,1,2021-10-17,SVE-2021-23608,CVE-2022-22286,Hijack the PendingIntent containing Implicit Intent in the Bixby Routines app to read Contacts,3.1.21.8 in Android R(11.0) and 2.6.30.5 in Android Q(10.0),Moderate,A vulnerability using PendingIntent in Bixby Routines prior to version 3.1.21.8 in Android R(11.0) and 2.6.30.5 in Android Q(10.0) allows attackers to execute privileged action by hijacking and modifying the intent.,h0ard7
2022,1,2021-10-17,SVE-2021-23607,CVE-2022-22285,Hijack the PendingIntent containing Implicit Intent in the Reminder app to read Contacts,12.2.05.0 in Android R(11.0) and 12.3.02.1000 in Android S(12.0),Moderate,A vulnerability using PendingIntent in Reminder prior to version 12.2.05.0 in Android R(11.0) and 12.3.02.1000 in Android S(12.0) allows attackers to execute privileged action by hijacking and modifying the intent.,h0ard7
2022,1,2021-10-19,SVE-2021-23292,CVE-2022-22284,Authentication bypass in Samsung browser secret mode,16.0.2.19,Low,Improper authentication vulnerability in Samsung Internet prior to 16.0.2.19 allows attackers to bypass secret mode password authentication,Harsh Tyagi
2022,1,2021-07-10,SVE-2021-22590,CVE-2022-22283,Account is not logged out in Samsung health Android App after Remove from inactive device,6.20.1.005,Low,Improper session management vulnerability in Samsung Health prior to 6.20.1.005 prevents logging out from Samsung Health App.,Rohit Kumar
2022,2,2021-04-14,SVE-2021-21467,CVE-2022-24925,Improper input validation vulnerability in SettingsProvider,Android S(12),Moderate,Improper input validation vulnerability in SettingsProvider prior to Android S(12) allows privileged attackers to trigger a permanent denial of service attack on a victim&#39;s devices.,WuHeng Lab of Bytedance
2022,2,2021-06-29,SVE-2021-22370,CVE-2022-24001,Information disclosure vulnerability in Edge Panel,Android S(12),Moderate,Information disclosure vulnerability in Edge Panel prior to Android S(12) allows physical attackers to access screenshot in clipboard via Edge Panel.,chae
2022,2,2021-11-30,SVE-2021-24089,CVE-2022-24924,Improper access control vulnerability in LiveWallpaperService,3.0.9.0,Low,An improper access control in LiveWallpaperService prior to versions 3.0.9.0 allows to create a specific named system directory without a proper permission.,Hee-Chan Kim
2022,2,2021-07-30,SVE-2021-22646,CVE-2022-24927,Improper privilege management vulnerability in Samsung Video Player,7.3.15.30,Moderate,Improper privilege management vulnerability in Samsung Video Player prior to version 7.3.15.30 allows attackers to execute video files without permission.,Dawuge of Pangu Team
2022,2,2021-10-07,SVE-2021-23494,CVE-2022-24926,Improper input validation vulnerability in SmartTag Plugin,1.2.15-6,High,Improper input validation vulnerability in SmartTag Plugin prior to version 1.2.15-6 allows privileged attackers to trigger a XSS on a victim&#39;s devices.,Martin Heyden
2022,2,2021-10-25,SVE-2021-23694,CVE-2022-24923,Improper access control vulnerability in Search Widget,2.3.00.6,High,Improper access control vulnerability in Samsung Search Widget prior to versions 2.3.00.6 in China models allows untrusted applications to load arbitrary URL and local files in webview.,Dawuge of Pangu Team
2022,2,2021-08-30,SVE-2021-23092,CVE-2022-23998,Improper access control vulnerability in Camera,"11.1.02.16 in Android R(11), 10.5.03.77 in Android Q(10) and 9.0.6.68 in Android P(9)",High,"Improper access control vulnerability in Camera prior to versions 11.1.02.16 in Android R(11), 10.5.03.77 in Android Q(10) and 9.0.6.68 in Android P(9) allows untrusted applications to take a picture in screenlock status.",Rahul Kankrale
2022,2,2021-09-17,SVE-2021-23281,CVE-2022-24003,Exposure of Sensitive Information vulnerability in Bixby Vision,3.7.50.6,Moderate,Exposure of Sensitive Information vulnerability in Bixby Vision prior to version 3.7.50.6 allows attackers to access internal data of Bixby Vision via unprotected intent.,Sergey Toshin
2022,2,2021-08-16,SVE-2021-22979,CVE-2022-24002,Improper Authorization vulnerability in Link Sharing,12.4.00.3,Low,Improper Authorization vulnerability in Link Sharing prior to version 12.4.00.3 allows attackers to open protected activity via PreconditionActivity.,Dawuge of Pangu Team
2022,2,2021-10-17,SVE-2021-23614,CVE-2022-23434,Vulnerability using PendingIntent in Bixby Vision,"3.7.60.8 in Android S(12), 3.7.50.6 in Andorid R(11) and below",Moderate,"Vulnerability using PendingIntent in Bixby Vision prior to versions 3.7.60.8 in Android S(12), 3.7.50.6 in Andorid R(11) and below allows attackers to execute privileged action by hijacking and modifying the intent.",h0rd7
2022,2,2021-10-01,SVE-2021-23428,CVE-2022-23433,Improper access control vulnerability in Reminder,"12.3.01.3000 in Android S(12), 12.2.05.6000 in Android R(11) and 11.6.08.6000 in Andoid Q(10)",Low,"Improper access control vulnerability in Reminder prior to versions 12.3.01.3000 in Android S(12), 12.2.05.6000 in Android R(11) and 11.6.08.6000 in Andoid Q(10) allows attackers to register reminders or execute exporeted activities remotely.",Gabriel Campana
2022,3,2022-01-08,SVE-2022-0441,"CVE-2022-25826, CVE-2022-25827, CVE-2022-25828, CVE-2022-25829, CVE-2022-25830",Information Exposure vulerability in Galaxy Watch Plugin,"Galaxy S3 PlugIn 2.2.03.22012751, Galaxy Watch PlugIn 2.2.05.22012751, Watch Active PlugIn 2.2.07.22012751, Watch Active2 PlugIn 2.2.08.22012751 and Galaxy Watch3 Plugin 2.2.09.22012751",Moderate,"Information Exposure vulnerability in Galaxy Watch Plugin prior to versions 2.2.03.22012751 in Galaxy S3 PlugIn , 2.2.05.22012751 in Galaxy Watch PlugIn, 2.2.07.22012751 in Watch Active PlugIn , 2.2.08.22012751 Watch Active2 PlugIn and 2.2.09.22012751 in Galaxy Watch3 Plugin allows attacker to access password information of connected WiFiAp in the log.",Andr. Ess
2022,3,2021-10-16,SVE-2021-23600,CVE-2022-25825,Improper access control vulnerability in Samsung Account,13.1.0.1,High,Improper access control vulnerability in Samsung Account prior to version 13.1.0.1 allows attackers to access to the authcode for sign-in.,Josip Franjkovic
2022,3,2021-10-25,SVE-2021-23693,CVE-2022-25824,Improper access control vulnerability in Bixby Touch,2.2.00.6,High,Improper access control vulnerability in BixbyTouch prior to version 2.2.00.6 in China models allows untrusted applications to load arbitrary URL and local files in webview.,Dawuge of Pangu Team
2022,3,2021-11-01,SVE-2021-23764,CVE-2022-25823,Information Exposure vulnerability in Galaxy Watch Plugin,2.2.05.220126741,Moderate,Information Exposure vulnerability in Galaxy Watch Plugin prior to version 2.2.05.220126741 allows attackers to access user information in log,Andr. Ess
2022,4,2021-11-14,SVE-2021-23930,CVE-2022-27838,Improper access control in Factory Camera,2.1.96,High,Improper access control vulnerability in Factory Camera prior to version 2.1.96 allows attacker to access the file with system privilege.,Luke Symons
2022,4,2021-12-22,SVE-2021-23993,CVE-2022-27839,Improper authentication vulnerability in Secret Mode in Samsung Internet,16.2.1,Moderate,Improper authentication vulnerability in Secret Mode in Samsung Internet prior to version 16.2.1 allows attackers to access bookmark tab without proper credentials.,Harsh Tyagi
2022,4,2021-12-17,SVE-2021-24297,CVE-2022-27841,A vulnerability that view the screen that is previously running in Samsung Pass without authentication,3.0.07.5,Moderate,Improper exception handling in Samsung Pass prior to version 3.7.07.5 allows physical attacker to view the screen that is previously running without authentication,Harsh Tyagi
2022,4,2022-01-12,SVE-2022-0117,CVE-2022-28542,Possible to access arbitrary content providers as Galaxy Store permission,4.5.40.5,High,Improper sanitization of incoming intent in Galaxy Store prior to version 4.5.40.5 allows local attackers to access privileged content providers as Galaxy Store permission.,hluwa
2022,4,2022-02-02,SVE-2022-0269,CVE-2022-28543,Path traversal vulnerability in Samsung Flow,4.8.07.4,Moderate,Path traversal vulnerability in Samsung Flow prior to version 4.8.07.4 allows local attackers to read arbitrary files as Samsung Flow permission.,³²ÁöÈ¿
2022,4,2022-02-14,SVE-2022-0358,CVE-2022-28544,Path traversal vulnerability in Galaxy store,4.5.40.5,Moderate,Path traversal vulnerability in unzip method of InstallAgentCommonHelper in Galaxy store prior to version 4.5.40.5 allows attacker to access the file of Galaxy store.,Sergey Toshin of Oversecured Inc
2022,4,2021-10-19,SVE-2021-23625,CVE-2022-28775,Improper access control in Samsung Flow,4.8.06.5,Moderate,Improper access control vulnerability in Samsung Flow prior to version 4.8.06.5 allows attacker to write the file without Samsung Flow permission.,Ken Gannon
2022,4,2021-10-16,SVE-2021-23627,CVE-2022-28776,Improper access control vulnerability in Galaxy Store,4.5.36.4,High,Improper access control vulnerability in Galaxy Store prior to version 4.5.36.4 allows attacker to install applications from Galaxy Store without user interactions.,Ken Gannon
2022,4,2021-11-02,SVE-2021-23786,CVE-2022-28777,Improper access control in Samsung Members,13.6.08.5,Moderate,Improper access control vulnerability in Samsung Members prior to version 13.6.08.5 allows local attacker to execute call function without CALL_PHONE permission.,Zhongquan Li
2022,4,2021-11-05,SVE-2021-23853,CVE-2022-1230,Redirect Navigation Confused Vulnerability,4.5.40.5,Moderate,Synchronization issue during navigation process with browser and renderer prior to version 4.5.40.5 allows attacker to access unauthorized URLs on Webview.,Sam Thomas of Pentest Ltd
2022,4,2022-01-07,SVE-2022-0082,CVE-2022-27842,DLL hijacking vulnerability in Smart Switch PC,4.2.22022_4,Moderate,DLL hijacking vulnerability in Smart Switch PC prior to version 4.2.22022_4 allows attacker to execute arbitrary code.,"DoHyun Lee(&l33d0hyun) of DNSLab, Korea University"
2022,4,2022-01-07,SVE-2022-0083,CVE-2022-27843,DLL hijacking vulnerability in Kies,2.6.4.22014_2,Moderate,DLL hijacking vulnerability in Kies prior to version 2.6.4.22014_2 allows attacker to execute arbitrary code.,"DoHyun Lee(&l33d0hyun) of DNSLab, Korea University"
2022,4,2022-01-12,SVE-2022-0115,CVE-2022-28541,Uncontrolled search path element vulnerability in Samsung Update,3.0.77.0,Moderate,Uncontrolled search path element vulnerability in Samsung Update prior to version 3.0.77.0 allows attackers to execute arbitrary code as Samsung Update permission.,"DoHyun Lee(&l33d0hyun) of DNSLab, Korea University"
2022,4,2021-12-29,SVE-2021-24074,CVE-2022-27840,Possible to delete arbitrary files as Samsung Recovery permission,8.1.43.0,Moderate,Improper access control vulnerability in Samsung Recovery prior to version 8.1.43.0 allows local attackers to delete arbitrary files as Samsung Recovery permission.,doit_man
2022,4,2021-11-30,SVE-2021-24075,CVE-2022-28778,Improper access control vulnerability in Samsung Security Supporter,1.2.40.0,Moderate,Improper access control vulnerability in Samsung Security Supporter prior to version 1.2.40.0 allows attacker to set the arbitrary folder as Secret Folder without Samsung Security Supporter permission,doit_man
2022,4,2021-12-18,SVE-2021-24333,CVE-2022-28779,Uncontrolled search path element vulnerability in Samsung Android USB Driver windows installer program,1.7.50,Low,Uncontrolled search path element vulnerability in Samsung Android USB Driver windows installer program prior to version 1.7.50 allows attacker to execute arbitrary code.,"DoHyun Lee(&l33d0hyun) of DNSLab, Korea University"
2022,5,2021-11-11,SVE-2021-23918,CVE-2022-28789,Unprotected activities in Voice Note,21.3.51.11,Moderate,Unprotected activities in Voice Note prior to version 21.3.51.11 allows attackers to record voice without user interaction. The patch adds proper permission for vulnerable activities.,Rahul Kankrale
2022,5,2022-03-27,SVE-2022-0763,CVE-2022-28790,Improper authentication in Link to Windows Service,2.3.04.1,Moderate,Improper authentication in Link to Windows Service prior to version 2.3.04.1 allows attacker to lock the device. The patch adds proper caller signature check logic.,Sergey Toshin of Oversecured Inc
2022,5,2022-04-01,SVE-2022-0817,CVE-2022-28791,Improper input validation in Galaxy Store,4.5.41.8,Moderate,Improper input validation vulnerability in Install Agent in Galaxy Store prior to version 4.5.41.8 allows attacker to overwrite files stored in a specific path. The patch adds proper protection to prevent overwrite to existing files.,"Dawn Security Lab, JDcom"
2022,5,2022-03-09,SVE-2022-0539,CVE-2022-28792,DLL hijacking vulnerability in Gear IconX PC Manager,2.1.220405.51,Moderate,DLL hijacking vulnerability in Gear IconX PC Manager prior to version 2.1.220405.51 allows attacker to execute arbitrary code. The patch adds proper absolute path to prevent dll hijacking.,"Soojin Cho of DNSLab, Korea University"
2022,5,2022-10-14,SVE-2021-23587,CVE-2022-28793,Improper state maintenance in Strong Box,Galaxy S22,Moderate,"Given the TEE is compromised and controlled by the attacker, improper state maintenance in Strong Box allows attackers to change Android ROT during device boot cycle after compromising TEE. The patch is applied in Galaxy S22 to prevent change of Android ROT after first initialization at boot time.",Federico Menarini and Martijn Bogaard of Riscure
2022,6,2021-12-16,SVE-2021-24286,CVE-2022-30730,Improper authorization in Samsung Pass,4.0.00.33,Moderate,Improper authorization in Samsung Pass prior to 1.0.00.33 allows physical attackers to access account list without authentication. The patch adds proper user authentication.,Harsh Tyagi
2022,6,2022-01-24,SVE-2022-0220,CVE-2022-30731,Possible to access arbitrary files with My File privilege,13.1.00.193,Moderate,Improper access control vulnerability in My Files prior to version 13.1.00.193 allows attackers to access arbitrary private files in My Files application. The patch blocks access to the vulnerable component in My Files from external components.,"Dawn Security Lab, JD"
2022,6,2022-02-07,SVE-2022-0312,CVE-2022-30749,Unauthorized addition of smart devices by bypassing login activity in Smart Things,1.7.85.25,Moderate,Improper access control vulnerability in Smart Things prior to 1.7.85.25 allows local attackers to add arbitrary smart devices by bypassing login activity. The patch changes the config in Smart Things to prevent unprivileged access.,Shubham Nilkanth Metange
2022,6,2022-02-10,SVE-2022-0335,CVE-2022-30732,Exposure of Sensitive Information vulnerability in Samsung Account,13.2.00.6,Moderate,Exposure of Sensitive Information vulnerability in Samsung Account prior to version 13.2.00.6 allows attacker to access sensitive information via onActivityResult. The patch adds proper protection to prevent access to sensitive information.,Stealth Assassin
2022,6,2022-02-10,SVE-2022-0338,CVE-2022-30733,Sensitive information exposure in Sign-in log in Samsung Account,13.2.00.6,Moderate,Sensitive information exposure in Sign-in log in Samsung Account prior to version 13.2.00.6 allows attackers to get an user email or phone number without permission. The patch deletes user id(phone number) in log.,Jenny ZJN
2022,6,2022-02-10,SVE-2022-0339,CVE-2022-30734,Sensitive information exposure in Sign-out log in Samsung Account,13.2.00.6,Moderate,Sensitive information exposure in Sign-out log in Samsung Account prior to version 13.2.00.6 allows attackers to get an user email or phone number without permission. The patch deletes user id(phone number) in log.,Jenny ZJN
2022,6,2022-02-11,SVE-2022-0340,CVE-2022-30735,Improper privilege management vulnerability in Samsung Account,13.2.00.6,Moderate,Improper privilege management vulnerability in Samsung Account prior to 13.2.00.6 allows attackers to get the access_token without permission. The patch removes improper caller check logic.,Stealth Assassin
2022,6,2022-02-15,SVE-2022-0370,CVE-2022-30736,Improper privilege management vulnerability in Samsung Account,13.2.00.6,Moderate,Improper privilege management vulnerability in Samsung Account prior to 13.2.00.6 allows attackers to get the data of contact and gallery without permission. The patch deletes sensitive data in activity&#39;s result.,Stealth Assassin
2022,6,2022-02-15,SVE-2022-0371,CVE-2022-30737,Email ID leak via implicit intent hijacking,13.2.00.6,Moderate,Implicit Intent hijacking vulnerability in Samsung Account prior to version 13.2.00.6 allows attackers to get email ID. The patch changes implicit Intent to explicit Intent to prevent leak of email ID.,Stealth Assassin
2022,6,2022-02-17,SVE-2022-0377,CVE-2022-30738,Improper check in Loader in Samsung Internet prior to 17.0.1.69,17.0.1.69,Low,Improper check in Loader in Samsung Internet prior to 17.0.1.69 allows attackers to spoof address bar via executing script. The patch update visible url on navigation state changed.,Narendra Bhati - Lead Pentester At Suma Soft Pvt Ltd India
2022,6,2022-02-17,SVE-2022-0384,CVE-2022-30739,Improper privilege management vulnerability in Samsung Account,13.2.00.6,Moderate,Improper privilege management vulnerability in Samsung Account prior to 13.2.00.6 allows attackers to get an user email or phone number with a normal level permission. The patch adds proper caller signature check logic.,Stealth Assassin
2022,6,2022-03-02,SVE-2022-0479,CVE-2022-30740,Possible to guess stored credit card number,17.0.1.69,Moderate,Improper auto-fill algorithm in Samsung Internet prior to version 17.0.1.69 allows physical attackers to guess stored credit card numbers. The patch fixes auto-fill algorithm of credit card number not to guess it with brute-force attack.,Jeremy Chatterson
2022,6,2022-03-23,SVE-2022-0721,CVE-2022-30741,Sensitive information exposure in Find My Mobile,7.2.24.12,Moderate,Sensitive information exposure vulnerability in SimChangeAlertManger of Find My Mobile prior to 7.2.24.12 allows local attackers with log access permission to get sim card information through device log. The patch add de-identification process of the data.,Zhang Qing
2022,6,2022-03-23,SVE-2022-0722,CVE-2022-30742,Sensitive information exposure in Find My Mobile,7.2.24.12,Moderate,Sensitive information exposure vulnerability in FmmExtraOperation of Find My Mobile prior to 7.2.24.12 allows local attackers with log access permission to get sim card information through device log. The patch add de-identification process of the data.,Zhang Qing
2022,6,2022-02-25,SVE-2022-0740,CVE-2022-30743,Improper privilege management vulnerability in Samsung Account,13.2.00.6,Moderate,Improper privilege management vulnerability in Samsung Account prior to 13.2.00.6 allows attackers to get the data of contact and gallery without permission. The patch adds proper protection to prevent access to sensitive information.,"Dawn Security Lab, JDcom"
2022,6,2022-04-06,SVE-2022-0866,CVE-2022-30745,Improper access control in Quick Share,13.1.2.4,Moderate,Improper access control vulnerability in Quick Share prior to version 13.1.2.4 allows attacker to access internal files in Quick Share. The patch remove improper caller check logic.,Sergey Toshin of Oversecured Inc
2022,6,2022-04-05,SVE-2022-0854,CVE-2022-30744,DLL hijacking vulnerability in Samsung Kies,2.6.4.22043_1,Moderate,DLL hijacking vulnerability in KiesWrapper in Samsung Kies prior to version 2.6.4.22043_1 allows attacker to execute arbitrary code. The patch changes to load default DLL in Windows.,"DoHyun Lee(&l33d0hyun) of DNSLab, Korea University"
2022,7,2022-04-15,SVE-2022-0924,CVE-2022-33706,"After taking pictures while locked, physical attacker can access the pictures in Gallery using S pen",13.1.05.8,Moderate,Improper access control vulnerability in Samsung Gallery prior to version 13.1.05.8 allows physical attackers to access the pictures using S Pen air gesture. The patch prevents access by the S Pen air gesture in a locked device.,Martin Rusn?k
2022,7,2022-04-02,SVE-2022-0825,CVE-2022-33705,Information exposure in Calendar,12.3.05.10000,Moderate,Information exposure in Calendar prior to version 12.3.05.10000 allows attacker to access calendar schedule without READ_CALENDAR permission. The patch changes return data.,Sergey Toshin of Oversecured Inc
2022,7,2022-04-06,SVE-2022-0867,CVE-2022-33713,Implicit Intent hijacking in Samsung Cloud,5.2.0,Moderate,Implicit Intent hijacking vulnerability in Samsung Cloud prior to version 5.2.0 allows attacker to get sensitive information. The patch changes implicit intent to explicit intent.,Sergey Toshin of Oversecured Inc
2022,7,2022-01-12,SVE-2022-0126,CVE-2022-33707,Improper identifier creation logic in Find My Mobile,7.2.24.12,High,Improper identifier creation logic in Find My Mobile prior to version 7.2.24.12 allows attacker to identify the device. The patch modifies the identifier creation logic.,Alwen Tiu
2022,7,2022-06-28,SVE-2022-1578,"CVE-2022-33710,CVE-2022-33709,CVE-2022-33708",Improper input validation in Galaxy Store,4.5.41.8,High,Improper input validation vulnerability in Galaxy Store prior to version 4.5.41.8 allows local attackers to launch activities as Galaxy Store privilege. The patch removes unused code.,Sergey Toshin of Oversecured Inc
2022,7,2022-05-01,SVE-2022-1099,CVE-2022-33711,Possible to delete arbitrary directory vulnerability in Samsung USB Driver Installer,1.7.56.0,Moderate,Improper validation of integrity check vulnerability in Samsung USB Driver Windows Installer for Mobile Phones prior to version 1.7.56.0 allows local attackers to delete arbitrary directory using directory junction. The patch prevents directory junction in the directory used during installation process.,"DoHyun Lee(&l33d0hyun) of DNSLab, Korea University"
2022,7,2022-05-06,SVE-2022-1185,CVE-2022-33712,intent redirection vulnerability using implicit intent in Camera,"12.0.01.64 ,12.0.3.23, 12.0.0.98, 12.0.6.11, 12.0.3.19 in Android S(12)",Moderate,"Intent redirection vulnerability using implicit intent in Camera prior to versions 12.0.01.64 ,12.0.3.23, 12.0.0.98, 12.0.6.11, 12.0.3.19 in Android S(12) allows attacker to get sensitive information. The patch changes implicit intent to explicit intent.",Sergey Toshin of Oversecured Inc
2022,8,2022-05-21,SVE-2022-1288,CVE-2022-36835,Implicit intent hijacking vulnerability in Samsung Internet Browser,17.0.7.34,Moderate,Implicit intent hijacking vulnerability in Samsung Internet Browser prior to version 17.0.7.34 allows attackers to access arbitrary files. The patch changes implicit intent to explicit intent.,Illia Khorolskyi
2022,8,2022-03-29,SVE-2022-0783,CVE-2022-36839,SQL injection vulnerability via IAPService in Samsung Checkout,5.0.53.1,Moderate,SQL injection vulnerability via IAPService in Samsung Checkout prior to version 5.0.53.1 allows attackers to access IAP information. The patch adds validation code to prevent SQL injection.,Sergey Toshin of Oversecured Inc
2022,8,2022-03-31,SVE-2022-0807,CVE-2022-36832,Improper access control in Cameralyzer,"3.2.22, 3.3.22, 3.4.22 and 3.5.51",Moderate,"Improper access control vulnerability in WebApp in Cameralyzer prior to versions 3.2.22, 3.3.22, 3.4.22 and 3.5.51 allows attackers to access external storage as Cameralyzer privilege. The patch adds proper caller check logic.",Sergey Toshin of Oversecured Inc
2022,8,2022-03-26,SVE-2022-0752,CVE-2022-36833,Improper Privilege Management vulnerability in Game Optimizing Service,"3.3.04.0 in Android 10, and 3.5.04.8 in Android 11 and above",High,"Improper Privilege Management vulnerability in Game Optimizing Service prior to versions 3.3.04.0 in Android 10, and 3.5.04.8 in Android 11 and above allows local attacker to execute hidden function for developer by changing package name. The patch adds the proper validation of package.",Sergey Toshin of Oversecured Inc
2022,8,2022-04-06,SVE-2022-0860,CVE-2022-36834,Exposure of Sensitive Information vulnerability in Game Launcher,6.0.07,Moderate,Exposure of Sensitive Information vulnerability in Game Launcher prior to version 6.0.07 allows local attacker to access app data with user interaction. The patch changes implicit intent to explicit intent.,Sergey Toshin of Oversecured Inc
2022,8,2022-04-15,SVE-2022-0926,CVE-2022-36836,Unprotected provider in Charm by Samsung,1.2.3,Moderate,Unprotected provider vulnerability in Charm by Samsung prior to version 1.2.3 allows attackers to read connection state without permission. The patch adds proper permission for vulnerable provider.,Sergey Toshin of Oversecured Inc
2022,8,2022-04-15,SVE-2022-0927,"CVE-2022-36830,CVE-2022-36829,CVE-2022-33734,CVE-2022-33733",Sensitive information exposure in Charm by Samsung,1.2.3,Moderate,Sensitive information exposure in Charm by Samsung prior to version 1.2.3 allows attacker to get bluetooth connection information without permission. The patch adds proper permission to prevent unprivileged access.,Sergey Toshin of Oversecured Inc
2022,8,2022-04-15,SVE-2022-0929,CVE-2022-36837,Intent redirection vulnerability in Samsung email,6.1.70.20,Moderate,Intent redirection vulnerability using implicit intent in Samsung email prior to version 6.1.70.20 allows attacker to get sensitive information. The patch deletes the implicit intent.,Sergey Toshin of Oversecured Inc
2022,8,2022-04-18,SVE-2022-0947,CVE-2022-36838,Implicit intent hijacking in Galaxy Wearable,2.2.50,Moderate,Implicit intent hijacking vulnerability in Galaxy Wearable prior to version 2.2.50 allows attacker to get sensitive information. The patch changes implicit intent to explicit intent.,Sergey Toshin of Oversecured Inc
2022,8,2022-04-21,SVE-2022-0983,CVE-2022-36831,Path traversal vulnerability in Samsung Notes,4.3.14.39,Moderate,Path traversal vulnerability in UriFileUtils of Samsung Notes prior to version 4.3.14.39 allows attacker to access some file as Samsung Notes permission. The patch adds proper validation logic to prevent path traversal.,Sergey Toshin of Oversecured Inc
2022,8,2022-04-05,SVE-2022-0855,CVE-2022-36840,DLL hijacking vulnerability in Samsung Update Setup program,2.2.9.50,Moderate,DLL hijacking vulnerability in Samsung Update Setup prior to version 2.2.9.50 allows attackers to execute arbitrary code. The patch changes API to prevent hijacking.,"DoHyun Lee(&l33d0hyun) of DNSLab, Korea University"
2022,9,2022-01-25,SVE-2022-0221,CVE-2022-36851,Improper access control in Samsung pass,4.0.03.1,Moderate,Improper access control vulnerability in Samsung Pass prior to version 4.0.03.1 allow physical attackers to access data of Samsung Pass on a certain state of an unlocked device. The patch adds defense logic on recent app usage scenario.,Harsh Tyagi
2022,9,2022-02-09,SVE-2022-0323,CVE-2022-36864,Improper access control and intent redirection in Samsung Email,6.1.70.20,Moderate,Improper access control and intent redirection in Samsung Email prior to version 6.1.70.20 allows attacker to access specific formatted file and execute privileged behavior. The patch adds proper permission check in Samsung Email.,Dawuge of Pangu Team
2022,9,2022-02-18,SVE-2022-0385,CVE-2022-36869,Improper access control in Contacts Provider,12.7.59,Moderate,Improper access control vulnerability in ContactsDumpActivity of Contacts Provider prior to version 12.7.59 allows attacker to access the file without permission. The patch blocked the access to ContactsdumpActivity.,Harsh Tyagi
2022,9,2022-03-27,SVE-2022-0764,CVE-2022-36865,Improper access control vulnerability in Group Sharing,"13.0.6.15 in Android S(12), 13.0.6.14 in Android R(11) and below",Moderate,"Improper access control in Group Sharing prior to versions 13.0.6.15 in Android S(12), 13.0.6.14 in Android R(11) and below allows attackers to access device information. The patch adds proper caller check logic to prevent unauthorized access.",Sergey Toshin
2022,9,2022-03-27,SVE-2022-0765,CVE-2022-36866,Improper access control in Group Sharing,"13.0.6.15 in Android S(12), 13.0.6.14 in Android R(11) and below",Moderate,"Improper access control vulnerability in Broadcaster in Group Sharing prior to versions 13.0.6.15 in Android S(12), 13.0.6.14 in Android R(11) and below allows attackers to identify the device. The patch adds proper access control check logic for broadcasting data.",Sergey Toshin
2022,9,2022-03-28,SVE-2022-0770,CVE-2022-36867,Improper access control vulnerability in Editor Lite,4.0.40.14,Moderate,Improper access control vulnerability in Editor Lite prior to version 4.0.40.14 allows attackers to access sensitive information. The patch adds proper access control.,Sergey Toshin
2022,9,2022-04-19,SVE-2022-0973,"CVE-2022-36872,CVE-2022-36871,CVE-2022-36870",Pending Intent hijacking in Samsung Pay,5.0.63 for KR and 5.1.47 for Global,Moderate,Pending Intent hijacking vulnerability in Samsung Pay prior to versions 5.0.63 for KR and 5.1.47 for Global allows attackers to access files without permission via implicit Intent. The patch addresses the Intent in Samsung Pay to prevent unprivileged access.,Sergey Toshin
2022,9,2022-04-19,SVE-2022-0974,CVE-2022-36873,Leak of MAC address of connected Bluetooth device in Water plugin,2.2.11.22081151,Moderate,Improper restriction of broadcasting Intent in GalaxyStoreBridgePageLinker of Water plugin prior to version 2.2.11.22081151 leaks MAC address of the connected Bluetooth device. The patch modifies the log so that it cannot be read without permission.,Stealth assassin
2022,9,2022-04-20,SVE-2022-0980,CVE-2022-36874,Improper Handling of Insufficient Permissions or Privileges vulnerability in Water plugin,2.2.11.22040751,Moderate,Improper Handling of Insufficient Permissions or Privileges vulnerability in Water plugin prior to version 2.2.11.22040751 allows attacker to access device IMEI and Serial number. The patch adds proper permission check in Water plugin to prevent unauthorized access.,Stealth assassin
2022,9,2022-04-25,SVE-2022-1031,CVE-2022-36875,Improper restriction of broadcasting Intent in Water plugin,2.2.11.22081151,Moderate,Improper restriction of broadcasting Intent in SaWebViewRelayActivity of Water plugin prior to version 2.2.11.22081151 allows attacker to access the file without permission. The patch adds proper validation logic to prevent arbitrary files access.,Stealth assassin
2022,9,2022-05-19,SVE-2022-1270,CVE-2022-36876,Improper authorization in Samsung Pass,4.0.04.10,Moderate,Improper authorization in UPI payment in Samsung Pass prior to version 4.0.04.10 allows physical attackers to access account list without authentication. The patch adds proper user authentication.,Harsh Tyagi
2022,9,2022-05-27,SVE-2022-1337,CVE-2022-36859,Improper input validation vulnerability in SmartTag Plugin,1.2.21-6,High,Improper input validation vulnerability in SmartTag Plugin prior to version 1.2.21-6 allows privileged attackers to trigger a XSS on a victim&#39;s devices. The patch adds the proper validation of input data.,Martin Heyden
2022,9,2022-06-30,SVE-2022-1588,CVE-2022-36877,Exposure of Sensitive Information in Samsung Members,4.3.00.11 in Global and 14.0.02.4 in China,Moderate,Exposure of Sensitive Information in FaqSymptomCardViewModel in Samsung Members prior to versions 4.3.00.11 in Global and 14.0.02.4 in China allows local attackers to access device identification via log. The patch fixes improper logging.,hsia.angsh
2022,9,2022-07-21,SVE-2022-1735,CVE-2022-36878,Exposure of Sensitive Information vulnerability in Find My Mobile,7.2.25.14,Moderate,Exposure of Sensitive Information in Find My Mobile prior to version 7.2.25.14 allows local attacker to access IMEI via log. The patch fixes improper logging.,hsia.angsh
2022,9,2022-08-02,SVE-2022-1841,CVE-2022-39846,DLL hijacking vulnerability in Smart Switch PC,4.3.22083_3,Moderate,DLL hijacking vulnerability in Smart Switch PC prior to version 4.3.22083_3 allows attacker to execute arbitrary code. The patch remove the directory path in log.,HeeChan Kim (&heegong123) of TeamH4C
2022,9,2022-07-23,SVE-2022-1770,CVE-2022-39845,Possible to delete arbitrary directory vulnerability in Samsung Kies,2.6.4.22074,Moderate,Improper validation of integrity check vulnerability in Samsung Kies prior to version 2.6.4.22074 allows local attackers to delete arbitrary directory using directory junction. The patch prevents directory junction in the directory used during installation process.,"DoHyun Lee(&l33d0hyun) of DNSLab, Korea University"
2022,9,2022-07-10,SVE-2022-1647,CVE-2022-39844,Possible to delete arbitrary directory vulnerability in Smart Switch PC,4.3.22083,Moderate,Improper validation of integrity check vulnerability in Smart Switch PC prior to version 4.3.22083 allows local attackers to delete arbitrary directory using directory junction. The patch prevents directory junction in the directory used during installation process.,ycdxsb of VARAS&IIE
2022,10,2022-01-06,SVE-2022-0075,CVE-2022-39857,Improper access control in FactoryCameraFB,3.5.51,High,Improper access control vulnerability in CameraTestActivity in FactoryCameraFB prior to version 3.5.51 allows attackers to access broadcasting Intent as system uid privilege. The patch adds proper caller check logic.,"Dawn Security Lab, JD"
2022,10,2022-02-07,SVE-2022-0311,CVE-2022-39858,Path traversal vulnerability in FactoryCamera,3.5.51,High,Path traversal vulnerability in AtBroadcastReceiver in FactoryCamera prior to version 3.5.51 allows attackers to write arbitrary file as FactoryCamera privilege. The patch adds proper validation logic to prevent arbitrary file write.,Sergey Toshin
2022,10,2022-03-22,SVE-2022-0697,CVE-2022-39859,Implicit intent hijacking vulnerability in UPHelper library,3.0.12,Moderate,Implicit intent hijacking vulnerability in UPHelper library prior to version 3.0.12 allows attackers to access sensitive information via implicit intent. The patch changes implicit intent to explicit intent.,Sergey Toshin
2022,10,2022-03-26,SVE-2022-0754,CVE-2022-39860,Improper access control vulnerability in Quick Share,13.2.3.5,Moderate,Improper access control vulnerability in Quick Share prior to version 13.2.3.5 allows attackers to access sensitive information via implicit broadcast. The patch adds proper access control.,Sergey Toshin
2022,10,2022-03-31,SVE-2022-0808,CVE-2022-39861,Unprotected Receiver in FactoryCamera,3.5.51,Moderate,Unprotected Receiver in AtBroadcastReceiver in FactoryCamera prior to version 3.5.51 allows attackers to record video without camera privilege. The patch restricts triggering of user binary.,Sergey Toshin
2022,10,2022-04-07,SVE-2022-0881,CVE-2022-39862,Improper authorization in Dynamic Lockscreen,3.3.03.66,Moderate,Improper authorization in Dynamic Lockscreen prior to SMR Sep-2022 Release 1 in Android R(11) and 3.3.03.66 in Android S(12) allows unauthorized use of javascript interface api. The patch removes unused code.,"Dawn Security Lab, JDcom"
2022,10,2022-04-12,SVE-2022-0904,CVE-2022-39863,Intent redirection vulnerability in Samsung Account,13.5.01.3,Moderate,Intent redirection vulnerability in Samsung Account prior to version 13.5.01.3 allows attackers to access content providers without permission. The patch deletes intent data in activity&#39;s result.,Sergey Toshin
2022,10,2022-04-19,SVE-2022-0967,CVE-2022-39864,Improper access control vulnerability in WifiSetupLaunchHelper in SmartThings,1.7.89.25,Moderate,Improper access control vulnerability in WifiSetupLaunchHelper in SmartThings prior to version 1.7.89.25 allows attackers to access sensitive information via implicit intent. The patch adds proper access control.,Sergey Toshin
2022,10,2022-04-19,SVE-2022-0968,"CVE-2022-39871, CVE-2022-39870, CVE-2022-39869, CVE-2022-39868, CVE-2022-39867, CVE-2022-39866, CVE-2022-39865",Improper access control vulnerabilities in SmartThings,1.7.89.0,Moderate,Improper access control vulnerabilities in SmartThings prior to version 1.7.89.0 allows attackers to access sensitive information via implicit broadcasts. The patch adds proper access control.,Sergey Toshin
2022,10,2022-05-06,SVE-2022-1181,CVE-2022-39872,Leak of MAC address of connected Bluetooth device in ShareLive,13.2.03.5,Moderate,Improper restriction of broadcasting Intent in ShareLive prior to version 13.2.03.5 leaks MAC address of the connected Bluetooth device. The patch adds proper permission in ShareLive to prevent unauthorized access.,Jenny Zhang
2022,10,2022-06-11,SVE-2022-1408,CVE-2022-39873,Improper authorization vulnerability in Samsung Internet,18.0.4.14,Moderate,Improper authorization vulnerability in Samsung Internet prior to version 18.0.4.14 allows physical attackers to add bookmarks in secret mode without user authentication. The patch fixes Samsung Internet to enforce authentication when accessing secret mode.,Harsh Tyagi
2022,10,2022-07-03,SVE-2022-1603,"CVE-2022-39875,CVE-2022-39874",Improper access control vulnerabilities in Samsung Account,13.5.01.3,Moderate,Improper access control vulnerabilities in Samsung Account prior to version 13.5.01.3 allows attackers to force unauthorized logout. The patch adds proper access control.,hsia.angsh
2022,10,2022-07-21,SVE-2022-1734,CVE-2022-39876,Leak of IMEI in PushRegIdUpdateClient of SReminder,8.2.01.13,Moderate,Insertion of Sensitive Information into Log in PushRegIdUpdateClient of SReminder prior to 8.2.01.13 allows attacker to access device IMEI. The patch removes the log that prints IMEI.,hsia.angsh
2022,10,2022-07-21,SVE-2022-1749,CVE-2022-39877,Improper access control in Group Sharing,"13.0.6.15 in Android S(12), 13.0.6.14 in Android R(11) and below",Moderate,"Improper access control vulnerability in ProfileSharingAccount in Group Sharing prior to versions 13.0.6.15 in Android S(12), 13.0.6.14 in Android R(11) and below allows attackers to identify the device. The patch adds proper access control check logic for broadcasting data.",Zhang Qing
2022,10,2022-07-21,SVE-2022-1751,CVE-2022-39878,Improper access control vulnerability in Samsung Checkout,5.0.55.3,Moderate,Improper access control vulnerability in Samsung Checkout prior to version 5.0.55.3 allows attackers to access sensitive information via implicit intent broadcast. The patch deletes vulnerable legacy codes.,Zhang Qing
2022,11,2022-03-28,SVE-2022-0776,CVE-2022-39890,Improper Authorization in Samsung Billing,5.0.56.0,Moderate,Improper Authorization in Samsung Billing prior to version 5.0.56.0 allows attacker to get sensitive information. The patch block the sensitive information exposure.,Sergey Toshin
2022,11,2022-06-13,SVE-2022-1422,CVE-2022-39891,Heap overflow vulnerability in libsavsaudio.so in Editor Lite,4.0.41.3,Moderate,Heap overflow vulnerability in parse_pce function in libsavsaudio.so in Editor Lite prior to version 4.0.41.3 allows attacker to get information. The patch adds proper boundary check logic.,mart1n and zraxx
2022,11,2022-07-15,SVE-2022-1690,CVE-2022-39892,Improper access control in Samsung Pass via keep open feature,4.0.05.1,Low,Improper access control in Samsung Pass prior to version 4.0.05.1 allows attackers to unauthenticated access via keep open feature. The patch adds proper authentication logic during keep open feature enabled.,Harsh Tyagi
2022,11,2022-07-21,SVE-2022-1745,CVE-2022-39893,Sensitive information exposure in Galaxy Buds Pro Manager,4.1.22092751,Moderate,Sensitive information exposure vulnerability in FmmBaseModel in Galaxy Buds Pro Manage prior to version 4.1.22092751 allows local attackers with log access permission to get device identifier data through device log. The patch fixes improper logging.,Zhang Qing
2022,11,2022-08-01,SVE-2022-1830,CVE-2022-39889,Improper access control vulnerability in GalaxyWatch4Plugin,2.2.11.22101351 and 2.2.12.22101351,Moderate,Improper access control vulnerability in GalaxyWatch4Plugin prior to versions 2.2.11.22101351 and 2.2.12.22101351 allows attackers to access wearable device information. The patch adds proper caller check logic.,Stealth Assassin
2022,12,2022-05-19,SVE-2022-1269,CVE-2022-39910,Improper access control in Samsung pass,4.0.06.7,Moderate,Improper access control vulnerability in Samsung Pass prior to version 4.0.06.7 allow physical attackers to access data of Samsung Pass on a certain state of an unlocked device using pop-up view. The patch adds defense logic on pop-up view usage scenario.,Harsh Tyagi
2022,12,2022-09-29,SVE-2022-2389,CVE-2022-39915,Improper access control vulnerability in Calendar,"11.6.08.0 in Android Q(10), 12.2.11.3000 in Android R(11), 12.3.07.2000 in Android S(12), and 12.4.02.0 in Android T(13)",Moderate,"Improper access control vulnerability in Calendar prior to versions 11.6.08.0 in Android Q(10), 12.2.11.3000 in Android R(11), 12.3.07.2000 in Android S(12), and 12.4.02.0 in Android T(13) allows attackers to access sensitive information via implicit intent. The patch adds proper access control to use explicit intent.",Oversecured Inc
2022,12,2022-09-11,SVE-2022-2201,CVE-2022-39911,Improper Check or Handling of Exceptional Conditions in Samsung Pass,4.0.06.1,Moderate,Improper check or handling of exceptional conditions vulnerability in Samsung Pass prior to version 4.0.06.1 allows attacker to access Samsung Pass. The patch blocks the multi-window mode with the toast message.,Harsh Tyagi
2022,12,2022-08-24,SVE-2022-2040,CVE-2022-39909,Insufficient verification of data authenticity vulnerability in Samsung Gear IconX PC Manager,2.1.221019.51,Moderate,Insufficient verification of data authenticity vulnerability in Samsung Gear IconX PC Manager prior to version 2.1.221019.51 allows local attackers to create arbitrary file using symbolic link. The patch remove the unnecessary logic.,HeeChan Kim (&heegong123) of TeamH4C
2022,12,2022-03-02,SVE-2022-0480,CVE-2022-39912,Improper handling of insufficient permissions in PersonaManagerService,Android T(13),Moderate,Improper handling of insufficient permissions vulnerability in setSecureFolderPolicy in PersonaManagerService prior to Android T(13) allows local attackers to set some setting value in Secure folder. The patch adds proper permission for using the API.,Yousra Aafer
2022,12,2022-03-29,SVE-2022-0789,CVE-2022-39913,Exposure of Sensitive Information to an Unauthorized Actor in Persona Manager,Android T(13),Moderate,Exposure of Sensitive Information to an Unauthorized Actor in Persona Manager prior to Android T(13) allows local attacker to access user profiles information. The patch removes the sensitive information of the profile.,Sergey Toshin
2022,12,2022-08-16,SVE-2022-1950,CVE-2022-39914,Exposure of Sensitive Information to an Unauthorized Actor in DisplayManagerService,Android T(13),Moderate,Exposure of Sensitive Information from an Unauthorized Actor vulnerability in Samsung DisplayManagerService prior to Android T(13) allows local attacker to access connected DLNA device information. The patch adds proper caller check logic.,Oversecured Inc
2023,1,2022-04-08,SVE-2022-0884,CVE-2023-21431,Improper input validation in Bixby Vision,3.7.70.17,Moderate,Improper input validation in Bixby Vision prior to version 3.7.70.17 allows attacker to access data of Bixby Vision. The patch adds proper validation logic to prevent unauthorized access.,Sergey Toshin
2023,1,2022-07-15,SVE-2022-1703,CVE-2023-21432,Improper access control vulnerabilities in Smart Things,1.7.93,Moderate,Improper access control vulnerabilities in Smart Things prior to 1.7.93 allows to attacker to invite others without authorization of the owner. The patch adds the proper validation of the owner location.,Martin Heyden
2023,1,2022-11-25,SVE-2022-2766,CVE-2023-21433,Improper access control vulnerability in Galaxy Store,4.5.49.8,High,Improper access control vulnerability in Galaxy Store prior to version 4.5.49.8 allows local attackers to install applications from Galaxy Store. The patch adds proper permission to prevent unauthorized access.,Ken Gannon
2023,1,2022-12-05,SVE-2022-2854,CVE-2023-21434,Improper input validation in Galaxy Store,4.5.49.8,Moderate,Improper input validation vulnerability in Galaxy Store prior to version 4.5.49.8 allows local attackers to execute JavaScript by launching a web page. The patch changes logic to prevent arbitrary web page execution.,Ken Gannon
2023,2,2022-03-22,SVE-2022-0696,CVE-2023-21441,Insufficient Verification of Data Authenticity vulnerability in Routine,"2.6.30.6 in Android Q(10), 3.1.21.10 in Android R(11) and 3.5.2.23 in Android S(12)",Moderate,"Insufficient Verification of Data Authenticity vulnerability in Routine prior to versions 2.6.30.6 in Android Q(10), 3.1.21.10 in Android R(11) and 3.5.2.23 in Android S(12) allows local attacker to access protected files via unused code. The patch deletes unused code.",Dawuge of Pangu Team
2023,2,2022-06-29,SVE-2022-1583,CVE-2023-21442,Improper access control vulnerability in Runestone application,2.9.09.003 in Android R(11) and 3.2.01.007 in Android S(12),Moderate,Improper access control vulnerability in Runestone application prior to version 2.9.09.003 in Android R(11) and 3.2.01.007 in Android S(12) allows local attackers to get device location information. The patch adds an explicit intent to prevent improper access.,hsia.angsh
2023,2,2022-09-27,SVE-2022-2370,"CVE-2023-21444, CVE-2023-21443",Improper cryptographic implementation in Samsung Flow,"Samsung Flow for Android 4.9.04, Samsung Flow for Window 4.9.14.0",High,Improper cryptographic implementation in Samsung Flow for Android 4.9.04 and Samsung Flow for Window 4.9.14.0 allows adjacent attackers to decrypt encrypted messages or inject commands. The patch adds proper cryptographic implementation.,Shai Shapira
2023,2,2022-09-30,SVE-2022-2398,CVE-2023-21445,Improper access control vulnerability in MyFiles,"12.2.09 in Android R(11), 13.1.03.501 in Android S(12) and 14.1.00.422 in Android T(13)",Moderate,"Improper access control vulnerability in MyFiles prior to versions 12.2.09 in Android R(11), 13.1.03.501 in Android S(12) and 14.1.00.422 in Android T(13) allows local attacker to write file with MyFiles privilege via implicit intent. The patch adds proper access control to use explicit intent.",Oversecured Inc
2023,2,2022-09-30,SVE-2022-2399,CVE-2023-21446,Improper input validation in MyFiles,"12.2.09 in Android R(11), 13.1.03.501 in Android S( 12) and 14.1.00.422 in Android T(13)",Moderate,"Improper input validation in MyFiles prior to version 12.2.09 in Android R(11), 13.1.03.501 in Android S( 12) and 14.1.00.422 in Android T(13) allows local attacker to access data of MyFiles. The patch adds proper validation logic to prevent unauthorized access.",Oversecured Inc
2023,2,2022-10-14,SVE-2022-2477,CVE-2023-21447,Improper access control vulnerabilities in Samsung Cloud,5.3.0.32,Moderate,"Improper access control vulnerabilities in Samsung Cloud prior to version 5.3.0.32 allows local attackers to access information with Samsung Cloud""s privilege via implicit intent. The patch adds proper access control.",Zhang Qing and Wang Kailong
2023,2,2022-11-01,SVE-2022-2585,CVE-2023-21448,Path traversal vulnerability in Samsung Cloud,5.3.0.32,Moderate,Path traversal vulnerability in Samsung Cloud prior to version 5.3.0.32 allows attacker to access specific png file. The patch adds proper validation logic to prevent access specific png file.,Dawuge of Pangu Team
2023,2,2022-12-22,SVE-2022-3019,CVE-2023-21450,Missing Authorization vulnerability in One Hand Operation +,6.1.21,Moderate,"Missing Authorization vulnerability in One Hand Operation + prior to version 6.1.21 allows multi-users to access owner""s widget without authorization via gesture setting. The patch blocks access One Hand Operation + contents for multi-user.",Louix Chazique
2023,3,2022-09-03,SVE-2022-2106,CVE-2023-21462,The sensitive information exposure vulnerability in Quick Share Agent,3.5.14.18 in Android 12 and 3.5.16.20 in Android 13,Moderate,The sensitive information exposure vulnerability in Quick Share Agent prior to versions 3.5.14.18 in Android 12 and 3.5.16.20 in Android 13 allows to local attacker to access MAC address without related permission. The patch addresses the data exposure in Quick Share Agent.,dg
2023,3,2022-09-18,SVE-2022-2304,CVE-2023-21463,Improper access control vulnerability in MyFiles application,"12.2.09.0 in Android 11, 13.1.03.501 in Android 12 and 14.1.03.0 in Android 13",Moderate,"Improper access control vulnerability in MyFiles application prior to versions 12.2.09.0 in Android 11, 13.1.03.501 in Android 12 and 14.1.03.0 in Android 13 allows local attacker to get sensitive information of secret mode in Samsung Internet application with specific conditions. The patch deletes temporary files properly to prevent sensitive information exposure.",Harsh Tyagi
2023,3,2022-11-03,SVE-2022-2610,CVE-2023-21465,Improper access control vulnerability in Bixby Touch,3.2.02.5,Moderate,Improper access control vulnerability in BixbyTouch prior to version 3.2.02.5 in China models allows untrusted applications access local files. The patch adds proper access control.,hackhackdump
2023,3,2022-11-22,SVE-2022-2744,CVE-2023-21464,Improper access control in Samsung Calendar,12.4.02.9000 in Android 13 and 12.3.08.2000 in Android 12,Moderate,Improper access control in Samsung Calendar prior to versions 12.4.02.9000 in Android 13 and 12.3.08.2000 in Android 12 allows local attacker to configure improper status. The patch removes unnecessary code.,hackhackdump
2023,4,2022-11-10,SVE-2022-2669,CVE-2023-21481,Improper URL input validation vulnerability in Samsung Account,14.1.0.0,High,Improper URL input validation vulnerability in Samsung Account application prior to version 14.1.0.0 allows remote attackers to get sensitive information. The patch adds proper URL input validation.,hackhackdump
2023,4,2022-12-30,SVE-2022-3068,CVE-2023-21482,Missing Authorization in Camera,"11.1.02.18 in Android 11, 12.1.03.8 in Android 12 and 13.1.01.4 in Android 13",Moderate,"Missing authorization vulnerability in Camera prior to versions 11.1.02.18 in Android 11, 12.1.03.8 in Android 12 and 13.1.01.4 in Android 13 allows physical attackers to install package through Galaxy store before completion of Setup wizard. The patch address to block entry point of the vulnerability.",SeungHyun Cho @netkingj
2023,4,2023-01-08,SVE-2023-0055,CVE-2023-21483,Improper Access Control vulnerability in Galaxy Store,4.5.53.6,Moderate,Improper Access Control vulnerability in Galaxy Store prior to version 4.5.53.6 allows local attacker to access protected data using exported service. The patch fixes incorrect implementation of unzip logic.,Dawuge of Pangu Team
2023,5,2022-10-14,SVE-2022-2478,CVE-2023-21505,Improper access control in Samsung Core Service,2.1.00.36,Moderate,Improper access control in Samsung Core Service prior to version 2.1.00.36 allows attacker to write arbitrary file in sandbox. The patch add proper access control logic.,Stealth Assassin
2023,5,2023-02-23,SVE-2023-0313,CVE-2023-21506,Out-of-bounds Write vulnerability in bc_tui trustlet from Samsung Blockchain Keystore,1.3.12.1,Critical,Out-of-bounds Write vulnerability while processing BC_TUI_CMD_SEND_RESOURCE_DATA_ARRAY command in bc_tui trustlet from Samsung Blockchain Keystore prior to version 1.3.12.1 allows local attacker to execute arbitrary code. The patch adds proper boundary check to prevent arbitrary code execution.,"Lumine, Markak, F4lt, and Kang from Certik Skyfall Team"
2023,5,2023-03-01,SVE-2023-0348,CVE-2023-21507,Out-of-bounds Read vulnerability in bc_tui trustlet from Samsung Blockchain Keystore,1.3.12.1,Critical,Out-of-bounds Read vulnerability while processing BC_TUI_CMD_SEND_RESOURCE_DATA_ARRAY command in bc_tui trustlet from Samsung Blockchain Keystore prior to version 1.3.12.1 allows local attacker to read arbitrary memory. The patch adds proper boundary check to prevent arbitrary memory read.,"Lumine, Markak, F4lt, and Kang from Certik Skyfall Team"
2023,5,2023-03-03,SVE-2023-0361,CVE-2023-21508,Out-of-bounds Write vulnerability in bc_tui trustlet from Samsung Blockchain Keystore,1.3.12.1,Critical,Out-of-bounds Write vulnerability while processing BC_TUI_CMD_SEND_RESOURCE_DATA command in bc_tui trustlet from Samsung Blockchain Keystore prior to version 1.3.12.1 allows local attacker to execute arbitrary code. The patch adds proper boundary check to prevent arbitrary code execution.,"Lumine, Markak, F4lt, and Kang from Certik Skyfall Team"
2023,5,2023-03-04,SVE-2023-0365,CVE-2023-21509,Out-of-bounds Write vulnerability in bc_tui trustlet from Samsung Blockchain Keystore,1.3.12.1,Critical,Out-of-bounds Write vulnerability while processing BC_TUI_CMD_UPDATE_SCREEN in bc_tui trustlet from Samsung Blockchain Keystore prior to version 1.3.12.1 allows local attacker to execute arbitrary code. The patch adds proper boundary check to prevent arbitrary code execution.,"Lumine, Markak, F4lt, and Kang from Certik Skyfall Team"
2023,5,2023-03-05,SVE-2023-0369,CVE-2023-21510,Out-of-bounds Read vulnerability in bc_tui trustlet from Samsung Blockchain Keystore,1.3.12.1,High,Out-of-bounds Read vulnerability while processing BC_TUI_CMD_UPDATE_SCREEN in bc_tui trustlet from Samsung Blockchain Keystore prior to version 1.3.12.1 allows local attacker to read arbitrary memory. The patch adds proper boundary check to prevent arbitrary memory read.,"Lumine, Markak, F4lt, and Kang from Certik Skyfall Team"
2023,5,2023-03-09,SVE-2023-0405,CVE-2023-21511,Out-of-bounds Read vulnerability in bc_core trustlet from Samsung Blockchain Keystore,1.3.12.1,High,Out-of-bounds Read vulnerability while processing CMD_COLDWALLET_BTC_SET_PRV_UTXO in bc_core trustlet from Samsung Blockchain Keystore prior to version 1.3.12.1 allows local attacker to read arbitrary memory. The patch adds proper boundary check to prevent arbitrary memory read.,"Lumine, Markak, F4lt, and Kang from Certik Skyfall Team"
2023,6,2023-01-17,SVE-2023-0136,CVE-2023-21518,Improper access control vulnerability in SearchWidget,3.3,Moderate,Improper access control vulnerability in SearchWidget prior to version 3.3 in China models allows untrusted applications to start arbitrary activity. The patch changes logic to prevent arbitrary activity.,Stealth Assassin
2023,7,2023-04-23,SVE-2023-0711,CVE-2023-30675,Improper authentication in Samsung Pass,4.2.03.1,High,Improper authentication in Samsung Pass prior to version 4.2.03.1 allows local attacker to access stored account information when Samsung Wallet is not installed. The patch modifies authentication logic.,ysmilec
2023,7,2023-04-30,SVE-2023-0753,CVE-2023-30677,Improper access control vulnerability in Samsung Pass,4.2.03.1,Moderate,Improper access control vulnerability in Samsung Pass prior to version 4.2.03.1 allows physical attackers to access data of Samsung Pass on a certain state of an unlocked device. The patch add proper access control.,Harsh Tyagi
2023,7,2023-05-15,SVE-2023-0864,CVE-2023-30678,Potential zip path traversal vulnerability in Calendar application,12.4.07.15 in Android 13,Moderate,Potential zip path traversal vulnerability in Calendar application prior to version 12.4.07.15 in Android 13 allows attackers to write arbitrary file. The patch adds mitigation logic to prevent path traversal.,hackhackdump
2023,7,2023-02-25,SVE-2023-0322,CVE-2023-30674,Improper configuration in Samsung Internet,21.0.0.41,Moderate,Improper configuration in Samsung Internet prior to version 21.0.0.41 allows attacker to bypass SameSite Cookie. The patch adds proper configuration.,Mohit Raj @shadow2639
2023,7,2023-04-30,SVE-2023-0752,CVE-2023-30676,Improper access control vulnerability in Samsung Pass,4.2.03.1,Moderate,Improper access control vulnerability in Samsung Pass prior to version 4.2.03.1 allows physical attackers to access data of Samsung Pass. The patch add proper access control.,Harsh Tyagi
2023,7,2023-02-23,SVE-2023-0312,CVE-2023-30673,Possible to delete arbitrary directory vulnerability in Smart Switch PC,4.3.23052_1,Moderate,Improper validation of integrity check vulnerability in Smart Switch PC prior to version 4.3.23052_1 allows local attackers to delete arbitrary directory using directory junction. The patch prevents directory junction in the directory used during installation process.,HeeChan Kim (@heegong123) of TeamH4C
2023,7,2023-02-23,SVE-2023-0310,CVE-2023-30672,Improper privilege management vulnerability in Samsung Smart Switch for Windows Installer,4.3.23043_3,High,Improper privilege management vulnerability in Samsung Smart Switch for Windows Installer prior to version 4.3.23043_3 allows attackers to cause permanent DoS via directory junction. The patch changes logic to prevent directory junction.,HeeChan Kim (@heegong123) of TeamH4C
2023,8,2023-03-28,SVE-2023-0489,CVE-2023-30703,Improper URL validation vulnerability in Samsung Members,14.0.07.1,Moderate,Improper URL validation vulnerability in Samsung Members prior to version 14.0.07.1 allows attackers to access sensitive information. The patch deletes vulnerable codes to prevent improper access to sensitive information.,Stealth Assassin
2023,8,2023-05-09,SVE-2023-0801,CVE-2023-30704,Improper Authorization vulnerability in Samsung Internet,22.0.0.35,Moderate,Improper Authorization vulnerability in Samsung Internet prior to version 22.0.0.35 allows physical attacker access downloaded files in Secret Mode without user authentication. The patch addresses the file access logic.,Harsh Tyagi
2023,8,2023-06-04,SVE-2023-0971,CVE-2023-30705,Possible to access arbitrary content providers as Galaxy Store permission,4.5.56.6,High,Improper sanitization of incoming intent in Galaxy Store prior to version 4.5.56.6 allows local attackers to access privileged content providers as Galaxy Store permission. The patch adds proper sanitization codes to prevent improper access.,hackhackdump
2023,8,2023-03-23,SVE-2023-0470,CVE-2023-30695,Out-of-bounds Write vulnerability in SSHDCPAPP TA,"""SAMSUNG ELECTONICS, CO, LTD. - System Hardware Update - 7/13/2023"" in Windows Update for Galaxy book Go, Galaxy book Go 5G, Galaxy book2 Go and Galaxy book2 Pro 360",High,"Out-of-bounds Write vulnerability in SSHDCPAPP TA prior to ""SAMSUNG ELECTONICS, CO, LTD. - System Hardware Update - 7/13/2023"" in Windows Update for Galaxy book Go, Galaxy book Go 5G, Galaxy book2 Go and Galaxy book2 Pro 360 allows local attacker to execute arbitrary code. The patch adds proper check to prevent Out-of-bounds Write.",Mahdi Braik of the Apple Media Products RedTeam
2023,8,2023-03-23,SVE-2023-0471,CVE-2023-30702,Stack overflow vulnerability in SSHDCPAPP TA,"""SAMSUNG ELECTONICS, CO, LTD. - System Hardware Update - 7/13/2023"" in Windows Update for Galaxy book Go, Galaxy book Go 5G, Galaxy book2 Go and Galaxy book2 Pro 360",High,"Stack overflow vulnerability in SSHDCPAPP TA prior to ""SAMSUNG ELECTONICS, CO, LTD. - System Hardware Update - 7/13/2023"" in Windows Update for Galaxy book Go, Galaxy book Go 5G, Galaxy book2 Go and Galaxy book2 Pro 360 allows local attacker to execute arbitrary code. The patch adds proper check to prevent Stack overflow.",Mahdi Braik of the Apple Media Products RedTeam
